region,route,root,shieldClass
ENG,A1Lon,eng.a0001lon,Both
ENG,A1StN,eng.a0001stn,Primary
ENG,A1,eng.a0001,Primary
ENG,A1Wen,eng.a0001wen,Primary
ENG,A1New,eng.a0001new,Primary
SCT,A1,sct.a0001,Both
ENG,A2,eng.a0002,Both
ENG,A3,eng.a0003,Both
ENG,A4,eng.a0004,Both
ENG,A4Avo,eng.a0004avo,Both
ENG,A5Lon,eng.a0005lon,Both
ENG,A5,eng.a0005,Both
WLS,A5,wls.a0005,Both
ENG,A6,eng.a0006,Both
ENG,A6Pre,eng.a0006pre,Both
SCT,A7,sct.a0007,Both
ENG,A7,eng.a0007,Both
SCT,A8Edi,sct.a0008edi,Non-Primary
SCT,A8,sct.a0008,Both
SCT,A9,sct.a0009,Both
ENG,A10,eng.a0010,Both
ENG,A10GtA,eng.a0010gta,Primary
ENG,A11Lon,eng.a0011lon,Primary
ENG,A11,eng.a0011,Both
ENG,A12,eng.a0012,Primary
ENG,A13,eng.a0013,Both
ENG,A14,eng.a0014,Primary
ENG,A15,eng.a0015,Both
ENG,A15Pet,eng.a0015pet,Primary
ENG,A16,eng.a0016,Primary
ENG,A17,eng.a0017,Primary
ENG,A18,eng.a0018,Both
ENG,A19,eng.a0019,Both
ENG,A20,eng.a0020,Both
ENG,A21,eng.a0021,Both
ENG,A22,eng.a0022,Primary
ENG,A23,eng.a0023,Both
ENG,A24,eng.a0024,Both
ENG,A25,eng.a0025,Both
ENG,A26Mai,eng.a0026mai,Both
ENG,A26,eng.a0026,Primary
ENG,A27,eng.a0027,Both
ENG,A28,eng.a0028,Both
ENG,A29,eng.a0029,Non-Primary
ENG,A30,eng.a0030,Both
ENG,A31Alt,eng.a0031alt,Both
ENG,A31,eng.a0031,Primary
ENG,A32,eng.a0032,Non-Primary
ENG,A33,eng.a0033,Both
ENG,A34,eng.a0034,Primary
ENG,A34Bir,eng.a0034bir,Both
ENG,A35,eng.a0035,Both
ENG,A35Bas,eng.a0035bas,Non-Primary
ENG,A36,eng.a0036,Both
ENG,A36Owe,eng.a0036owe,Primary
ENG,A37,eng.a0037,Primary
ENG,A38,eng.a0038,Both
ENG,A38Tau,eng.a0038tau,Both
ENG,A38Wor,eng.a0038wor,Both
ENG,A38Der,eng.a0038der,Primary
ENG,A39,eng.a0039,Both
ENG,A39Bri,eng.a0039bri,Both
ENG,A40Lon,eng.a0040lon,Non-Primary
ENG,A40,eng.a0040,Both
WLS,A40,wls.a0040,Primary
WLS,A40Hav,wls.a0040hav,Both
ENG,A41Lon,eng.a0041lon,Both
ENG,A41,eng.a0041,Both
ENG,A42,eng.a0042,Primary
ENG,A43,eng.a0043,Primary
ENG,A44,eng.a0044,Both
WLS,A44,wls.a0044,Primary
ENG,A44Chi,eng.a0044chi,Primary
ENG,A44Whi,eng.a0044whi,Primary
ENG,A45,eng.a0045,Primary
ENG,A46Str,eng.a0046str,Both
ENG,A46War,eng.a0046war,Primary
ENG,A46,eng.a0046,Both
ENG,A47Bir,eng.a0047bir,Non-Primary
ENG,A47,eng.a0047,Both
ENG,A47Low,eng.a0047low,Primary
ENG,A48,eng.a0048,Primary
WLS,A48,wls.a0048,Both
ENG,A49,eng.a0049,Both
ENG,A50,eng.a0050,Both
ENG,A50War,eng.a0050war,Both
ENG,A51,eng.a0051,Both
ENG,A51Tam,eng.a0051tam,Non-Primary
ENG,A52,eng.a0052,Both
ENG,A53,eng.a0053,Primary
ENG,A54,eng.a0054,Both
WLS,A55,wls.a0055,Primary
ENG,A55,eng.a0055,Primary
ENG,A56,eng.a0056,Both
ENG,A57Liv,eng.a0057liv,Both
ENG,A57,eng.a0057,Both
ENG,A58,eng.a0058,Both
ENG,A58Wet,eng.a0058wet,Both
ENG,A59,eng.a0059,Both
ENG,A60,eng.a0060,Both
ENG,A61,eng.a0061,Both
ENG,A61She,eng.a0061she,Primary
ENG,A62,eng.a0062,Both
ENG,A62Hud,eng.a0062hud,Primary
ENG,A63,eng.a0063,Primary
ENG,A64,eng.a0064,Primary
ENG,A65,eng.a0065,Both
ENG,A66,eng.a0066,Primary
ENG,A66Tee,eng.a0066tee,Primary
ENG,A67,eng.a0067,Both
ENG,A68,eng.a0068,Both
SCT,A68,sct.a0068,Primary
ENG,A69,eng.a0069,Both
SCT,A70,sct.a0070,Non-Primary
SCT,A71,sct.a0071,Non-Primary
SCT,A72,sct.a0072,Non-Primary
SCT,A73,sct.a0073,Non-Primary
SCT,A74,sct.a0074,Non-Primary
SCT,A75,sct.a0075,Primary
SCT,A76,sct.a0076,Both
SCT,A77,sct.a0077,Both
SCT,A78,sct.a0078,Primary
SCT,A79,sct.a0079,Non-Primary
SCT,A80,sct.a0080,Non-Primary
SCT,A81,sct.a0081,Non-Primary
SCT,A82,sct.a0082,Both
SCT,A82Tor,sct.a0082tor,Primary
SCT,A83,sct.a0083,Primary
SCT,A84,sct.a0084,Both
SCT,A85,sct.a0085,Both
SCT,A86,sct.a0086,Primary
SCT,A87,sct.a0087,Primary
SCT,A88,sct.a0088,Non-Primary
SCT,A89,sct.a0089,Non-Primary
SCT,A90Edi,sct.a0090edi,Both
SCT,A90,sct.a0090,Primary
SCT,A91,sct.a0091,Non-Primary
SCT,A92,sct.a0092,Both
SCT,A93,sct.a0093,Non-Primary
SCT,A94,sct.a0094,Non-Primary
SCT,A95,sct.a0095,Both
SCT,A96,sct.a0096,Both
SCT,A97,sct.a0097,Non-Primary
SCT,A98,sct.a0098,Non-Primary
SCT,A99,sct.a0099,Both
ENG,A100,eng.a0100,Both
ENG,A101,eng.a0101,Non-Primary
ENG,A102Hom,eng.a0102hom,Non-Primary
ENG,A102,eng.a0102,Primary
ENG,A103,eng.a0103,Non-Primary
ENG,A104,eng.a0104,Non-Primary
ENG,A105,eng.a0105,Non-Primary
ENG,A106,eng.a0106,Non-Primary
ENG,A107,eng.a0107,Non-Primary
ENG,A109,eng.a0109,Non-Primary
ENG,A110,eng.a0110,Non-Primary
ENG,A111,eng.a0111,Non-Primary
ENG,A112,eng.a0112,Non-Primary
ENG,A113,eng.a0113,Non-Primary
ENG,A114,eng.a0114,Non-Primary
ENG,A116,eng.a0116,Non-Primary
ENG,A117,eng.a0117,Both
ENG,A118,eng.a0118,Non-Primary
ENG,A119,eng.a0119,Non-Primary
ENG,A120,eng.a0120,Primary
ENG,A121,eng.a0121,Non-Primary
ENG,A123,eng.a0123,Non-Primary
ENG,A124,eng.a0124,Non-Primary
ENG,A125,eng.a0125,Non-Primary
ENG,A126,eng.a0126,Non-Primary
ENG,A127,eng.a0127,Primary
ENG,A128,eng.a0128,Non-Primary
ENG,A129,eng.a0129,Non-Primary
ENG,A130,eng.a0130,Both
ENG,A131,eng.a0131,Primary
ENG,A131Sud,eng.a0131sud,Non-Primary
ENG,A132,eng.a0132,Non-Primary
ENG,A133,eng.a0133,Both
ENG,A134,eng.a0134,Both
ENG,A135,eng.a0135,Non-Primary
ENG,A136,eng.a0136,Primary
ENG,A137,eng.a0137,Non-Primary
ENG,A138,eng.a0138,Non-Primary
ENG,A139,eng.a0139,Non-Primary
ENG,A140,eng.a0140,Primary
ENG,A141,eng.a0141,Primary
ENG,A142,eng.a0142,Both
ENG,A143,eng.a0143,Both
ENG,A144,eng.a0144,Non-Primary
ENG,A145,eng.a0145,Non-Primary
ENG,A146,eng.a0146,Primary
ENG,A147,eng.a0147,Non-Primary
ENG,A148,eng.a0148,Both
ENG,A149,eng.a0149,Both
ENG,A151,eng.a0151,Both
ENG,A152,eng.a0152,Non-Primary
ENG,A153,eng.a0153,Non-Primary
ENG,A154,eng.a0154,Non-Primary
ENG,A155,eng.a0155,Non-Primary
ENG,A156,eng.a0156,Primary
ENG,A157,eng.a0157,Non-Primary
ENG,A158,eng.a0158,Primary
ENG,A159,eng.a0159,Primary
ENG,A160,eng.a0160,Primary
ENG,A161,eng.a0161,Non-Primary
ENG,A162,eng.a0162,Both
ENG,A163,eng.a0163,Non-Primary
ENG,A164,eng.a0164,Both
ENG,A165,eng.a0165,Both
ENG,A166,eng.a0166,Primary
ENG,A167,eng.a0167,Both
ENG,A167Nun,eng.a0167nun,Primary
ENG,A167Bla,eng.a0167bla,Non-Primary
ENG,A168,eng.a0168,Both
ENG,A169,eng.a0169,Both
ENG,A170,eng.a0170,Primary
ENG,A171,eng.a0171,Both
ENG,A172,eng.a0172,Both
ENG,A173,eng.a0173,Non-Primary
ENG,A174,eng.a0174,Both
ENG,A176,eng.a0176,Non-Primary
ENG,A177,eng.a0177,Non-Primary
ENG,A178Mid,eng.a0178mid,Non-Primary
ENG,A178,eng.a0178,Non-Primary
ENG,A179,eng.a0179,Primary
ENG,A180,eng.a0180,Both
ENG,A181,eng.a0181,Non-Primary
ENG,A182,eng.a0182,Non-Primary
ENG,A183,eng.a0183,Both
ENG,A184,eng.a0184,Both
ENG,A185,eng.a0185,Non-Primary
ENG,A186,eng.a0186,Non-Primary
ENG,A187,eng.a0187,Non-Primary
ENG,A188,eng.a0188,Non-Primary
ENG,A189,eng.a0189,Both
ENG,A190,eng.a0190,Non-Primary
ENG,A191,eng.a0191,Non-Primary
ENG,A192,eng.a0192,Non-Primary
ENG,A193,eng.a0193,Non-Primary
ENG,A194,eng.a0194,Both
ENG,A195,eng.a0195,Non-Primary
ENG,A196,eng.a0196,Non-Primary
ENG,A197,eng.a0197,Non-Primary
SCT,A198,sct.a0198,Non-Primary
SCT,A199,sct.a0199,Non-Primary
ENG,A200,eng.a0200,Non-Primary
ENG,A201,eng.a0201,Non-Primary
ENG,A202,eng.a0202,Primary
ENG,A203,eng.a0203,Primary
ENG,A204,eng.a0204,Non-Primary
ENG,A205,eng.a0205,Primary
ENG,A206,eng.a0206,Non-Primary
ENG,A207,eng.a0207,Non-Primary
ENG,A208,eng.a0208,Non-Primary
ENG,A209,eng.a0209,Non-Primary
ENG,A210,eng.a0210,Both
ENG,A211,eng.a0211,Non-Primary
ENG,A212,eng.a0212,Non-Primary
ENG,A212Cro,eng.a0212cro,Non-Primary
ENG,A213,eng.a0213,Non-Primary
ENG,A214,eng.a0214,Both
ENG,A215,eng.a0215,Non-Primary
ENG,A216,eng.a0216,Non-Primary
ENG,A217,eng.a0217,Both
ENG,A218,eng.a0218,Non-Primary
ENG,A219,eng.a0219,Non-Primary
ENG,A220,eng.a0220,Non-Primary
ENG,A221,eng.a0221,Non-Primary
ENG,A222,eng.a0222,Non-Primary
ENG,A222Cro,eng.a0222cro,Non-Primary
ENG,A223,eng.a0223,Non-Primary
ENG,A223Orp,eng.a0223orp,Non-Primary
ENG,A224,eng.a0224,Non-Primary
ENG,A225,eng.a0225,Non-Primary
ENG,A225Dar,eng.a0225dar,Non-Primary
ENG,A226,eng.a0226,Non-Primary
ENG,A227,eng.a0227,Non-Primary
ENG,A228,eng.a0228,Both
ENG,A229,eng.a0229,Both
ENG,A230,eng.a0230,Non-Primary
ENG,A231,eng.a0231,Non-Primary
ENG,A232,eng.a0232,Both
ENG,A233,eng.a0233,Non-Primary
ENG,A234,eng.a0234,Non-Primary
ENG,A235Tho,eng.a0235tho,Non-Primary
ENG,A235,eng.a0235,Non-Primary
ENG,A236,eng.a0236,Non-Primary
ENG,A237,eng.a0237,Non-Primary
ENG,A238,eng.a0238,Non-Primary
ENG,A239,eng.a0239,Non-Primary
ENG,A240,eng.a0240,Both
ENG,A242,eng.a0242,Non-Primary
ENG,A243,eng.a0243,Both
ENG,A244,eng.a0244,Non-Primary
ENG,A245,eng.a0245,Non-Primary
ENG,A246,eng.a0246,Non-Primary
ENG,A247,eng.a0247,Non-Primary
ENG,A248,eng.a0248,Non-Primary
ENG,A249,eng.a0249,Primary
ENG,A250,eng.a0250,Non-Primary
ENG,A251,eng.a0251,Both
ENG,A252,eng.a0252,Non-Primary
ENG,A253,eng.a0253,Primary
ENG,A254,eng.a0254,Non-Primary
ENG,A255,eng.a0255,Non-Primary
ENG,A256,eng.a0256,Both
ENG,A257,eng.a0257,Non-Primary
ENG,A258,eng.a0258,Non-Primary
ENG,A259,eng.a0259,Both
ENG,A259Eas,eng.a0259eas,Non-Primary
ENG,A260,eng.a0260,Non-Primary
ENG,A261,eng.a0261,Non-Primary
ENG,A262,eng.a0262,Non-Primary
ENG,A263,eng.a0263,Non-Primary
ENG,A264,eng.a0264,Both
ENG,A265,eng.a0265,Non-Primary
ENG,A267,eng.a0267,Non-Primary
ENG,A268,eng.a0268,Non-Primary
ENG,A269,eng.a0269,Non-Primary
ENG,A270,eng.a0270,Non-Primary
ENG,A271,eng.a0271,Non-Primary
ENG,A272,eng.a0272,Both
ENG,A273,eng.a0273,Non-Primary
ENG,A274,eng.a0274,Non-Primary
ENG,A275,eng.a0275,Non-Primary
ENG,A277,eng.a0277,Non-Primary
ENG,A278,eng.a0278,Non-Primary
ENG,A280,eng.a0280,Both
ENG,A281,eng.a0281,Non-Primary
ENG,A282,eng.a0282,Primary
ENG,A283,eng.a0283,Both
ENG,A284,eng.a0284,Non-Primary
ENG,A285,eng.a0285,Non-Primary
ENG,A286,eng.a0286,Non-Primary
ENG,A287,eng.a0287,Non-Primary
ENG,A288,eng.a0288,Non-Primary
ENG,A289,eng.a0289,Non-Primary
ENG,A290,eng.a0290,Non-Primary
ENG,A291,eng.a0291,Non-Primary
ENG,A292,eng.a0292,Non-Primary
ENG,A293,eng.a0293,Non-Primary
ENG,A295,eng.a0295,Non-Primary
ENG,A296,eng.a0296,Non-Primary
ENG,A297,eng.a0297,Primary
ENG,A298,eng.a0298,Non-Primary
ENG,A299,eng.a0299,Primary
ENG,A300,eng.a0300,Non-Primary
ENG,A301,eng.a0301,Non-Primary
ENG,A302,eng.a0302,Both
ENG,A303,eng.a0303,Primary
ENG,A304,eng.a0304,Non-Primary
ENG,A305,eng.a0305,Non-Primary
ENG,A306,eng.a0306,Both
ENG,A306Ham,eng.a0306ham,Non-Primary
ENG,A307,eng.a0307,Non-Primary
ENG,A308Ful,eng.a0308ful,Non-Primary
ENG,A308,eng.a0308,Both
ENG,A309,eng.a0309,Primary
ENG,A309Ted,eng.a0309ted,Non-Primary
ENG,A310,eng.a0310,Non-Primary
ENG,A311,eng.a0311,Non-Primary
ENG,A312,eng.a0312,Both
ENG,A313,eng.a0313,Non-Primary
ENG,A314,eng.a0314,Non-Primary
ENG,A315,eng.a0315,Non-Primary
ENG,A316,eng.a0316,Both
ENG,A317,eng.a0317,Non-Primary
ENG,A318,eng.a0318,Non-Primary
ENG,A319,eng.a0319,Non-Primary
ENG,A320,eng.a0320,Non-Primary
ENG,A321,eng.a0321,Non-Primary
ENG,A322,eng.a0322,Both
ENG,A323,eng.a0323,Non-Primary
ENG,A324,eng.a0324,Non-Primary
ENG,A325,eng.a0325,Non-Primary
ENG,A326,eng.a0326,Non-Primary
ENG,A326Hou,eng.a0326hou,Non-Primary
ENG,A327,eng.a0327,Non-Primary
ENG,A328,eng.a0328,Non-Primary
ENG,A329,eng.a0329,Both
ENG,A329Rea,eng.a0329rea,Non-Primary
ENG,A330,eng.a0330,Non-Primary
ENG,A331,eng.a0331,Both
ENG,A332,eng.a0332,Non-Primary
ENG,A333,eng.a0333,Non-Primary
ENG,A334,eng.a0334,Non-Primary
ENG,A335,eng.a0335,Non-Primary
ENG,A335Cha,eng.a0335cha,Non-Primary
ENG,A336,eng.a0336,Non-Primary
ENG,A337,eng.a0337,Non-Primary
ENG,A338,eng.a0338,Both
ENG,A339,eng.a0339,Both
ENG,A340,eng.a0340,Non-Primary
ENG,A341,eng.a0341,Non-Primary
ENG,A342,eng.a0342,Non-Primary
ENG,A343,eng.a0343,Non-Primary
ENG,A345,eng.a0345,Non-Primary
ENG,A345Upa,eng.a0345upa,Non-Primary
ENG,A346,eng.a0346,Both
ENG,A347,eng.a0347,Non-Primary
ENG,A348,eng.a0348,Primary
ENG,A349,eng.a0349,Non-Primary
ENG,A349Poo,eng.a0349poo,Non-Primary
ENG,A350,eng.a0350,Primary
ENG,A350Poo,eng.a0350poo,Non-Primary
ENG,A351,eng.a0351,Non-Primary
ENG,A352,eng.a0352,Non-Primary
ENG,A353,eng.a0353,Non-Primary
ENG,A354,eng.a0354,Primary
ENG,A355,eng.a0355,Both
ENG,A356,eng.a0356,Non-Primary
ENG,A357,eng.a0357,Non-Primary
ENG,A358,eng.a0358,Both
ENG,A359,eng.a0359,Non-Primary
ENG,A360,eng.a0360,Non-Primary
ENG,A361Bar,eng.a0361bar,Both
ENG,A361,eng.a0361,Both
ENG,A361She,eng.a0361she,Non-Primary
ENG,A361Ban,eng.a0361ban,Non-Primary
ENG,A362,eng.a0362,Non-Primary
ENG,A363,eng.a0363,Non-Primary
ENG,A365,eng.a0365,Non-Primary
ENG,A366,eng.a0366,Non-Primary
ENG,A367,eng.a0367,Non-Primary
ENG,A368,eng.a0368,Both
ENG,A369,eng.a0369,Non-Primary
ENG,A370,eng.a0370,Both
ENG,A371,eng.a0371,Both
ENG,A372,eng.a0372,Non-Primary
ENG,A373,eng.a0373,Non-Primary
ENG,A374,eng.a0374,Non-Primary
ENG,A374Tor,eng.a0374tor,Non-Primary
ENG,A375,eng.a0375,Non-Primary
ENG,A376,eng.a0376,Primary
ENG,A377,eng.a0377,Both
ENG,A378,eng.a0378,Non-Primary
ENG,A379,eng.a0379,Non-Primary
ENG,A379Ply,eng.a0379ply,Non-Primary
ENG,A380,eng.a0380,Both
ENG,A381,eng.a0381,Non-Primary
ENG,A381Kin,eng.a0381kin,Non-Primary
ENG,A382,eng.a0382,Non-Primary
ENG,A383,eng.a0383,Non-Primary
ENG,A384,eng.a0384,Non-Primary
ENG,A385,eng.a0385,Primary
ENG,A386,eng.a0386,Both
ENG,A387,eng.a0387,Non-Primary
ENG,A388,eng.a0388,Both
ENG,A388Lau,eng.a0388lau,Non-Primary
ENG,A389,eng.a0389,Non-Primary
ENG,A389Bod,eng.a0389bod,Non-Primary
ENG,A390,eng.a0390,Both
ENG,A391,eng.a0391,Primary
ENG,A392,eng.a0392,Primary
ENG,A393,eng.a0393,Non-Primary
ENG,A394,eng.a0394,Primary
ENG,A395,eng.a0395,Primary
ENG,A396,eng.a0396,Non-Primary
ENG,A397,eng.a0397,Non-Primary
ENG,A399,eng.a0399,Non-Primary
ENG,A400,eng.a0400,Both
ENG,A401,eng.a0401,Non-Primary
ENG,A402,eng.a0402,Non-Primary
ENG,A403,eng.a0403,Primary
ENG,A404,eng.a0404,Both
ENG,A405,eng.a0405,Primary
ENG,A406,eng.a0406,Primary
ENG,A407,eng.a0407,Non-Primary
ENG,A408,eng.a0408,Non-Primary
ENG,A409,eng.a0409,Non-Primary
ENG,A410,eng.a0410,Non-Primary
ENG,A411,eng.a0411,Non-Primary
ENG,A411Wat,eng.a0411wat,Non-Primary
ENG,A412,eng.a0412,Non-Primary
ENG,A413,eng.a0413,Both
ENG,A414,eng.a0414,Both
ENG,A415,eng.a0415,Non-Primary
ENG,A416,eng.a0416,Non-Primary
ENG,A417,eng.a0417,Both
ENG,A417Led,eng.a0417led,Both
ENG,A417Glo,eng.a0417glo,Primary
ENG,A418,eng.a0418,Primary
ENG,A418Kin,eng.a0418kin,Primary
ENG,A419,eng.a0419,Both
ENG,A420,eng.a0420,Both
ENG,A420Bri,eng.a0420bri,Both
ENG,A421,eng.a0421,Primary
ENG,A422,eng.a0422,Both
ENG,A423Oxf,eng.a0423oxf,Primary
ENG,A423,eng.a0423,Primary
ENG,A424,eng.a0424,Non-Primary
ENG,A425,eng.a0425,Non-Primary
ENG,A425War,eng.a0425war,Non-Primary
ENG,A426,eng.a0426,Both
ENG,A427,eng.a0427,Both
ENG,A428,eng.a0428,Both
ENG,A429,eng.a0429,Both
ENG,A430,eng.a0430,Both
ENG,A431,eng.a0431,Non-Primary
ENG,A432,eng.a0432,Non-Primary
ENG,A433,eng.a0433,Primary
ENG,A435,eng.a0435,Both
ENG,A436,eng.a0436,Both
ENG,A437,eng.a0437,Non-Primary
ENG,A438,eng.a0438,Both
WLS,A438,wls.a0438,Primary
ENG,A439,eng.a0439,Non-Primary
ENG,A441,eng.a0441,Both
ENG,A442,eng.a0442,Both
ENG,A443,eng.a0443,Non-Primary
ENG,A444,eng.a0444,Primary
ENG,A444Nun,eng.a0444nun,Primary
ENG,A445,eng.a0445,Non-Primary
ENG,A446,eng.a0446,Primary
ENG,A447,eng.a0447,Non-Primary
ENG,A448,eng.a0448,Primary
WLS,A449,wls.a0449,Primary
ENG,A449,eng.a0449,Both
ENG,A449Wor,eng.a0449wor,Primary
ENG,A450,eng.a0450,Non-Primary
ENG,A451,eng.a0451,Non-Primary
ENG,A452,eng.a0452,Both
ENG,A452War,eng.a0452war,Primary
ENG,A453,eng.a0453,Both
ENG,A453Not,eng.a0453not,Both
ENG,A454,eng.a0454,Both
ENG,A456,eng.a0456,Primary
ENG,A457,eng.a0457,Non-Primary
ENG,A458,eng.a0458,Both
ENG,A458Sto,eng.a0458sto,Primary
ENG,A458She,eng.a0458she,Both
WLS,A458,wls.a0458,Primary
ENG,A459,eng.a0459,Non-Primary
ENG,A459Hal,eng.a0459hal,Non-Primary
ENG,A460,eng.a0460,Primary
ENG,A460Rug,eng.a0460rug,Primary
ENG,A461,eng.a0461,Both
ENG,A461Lic,eng.a0461lic,Non-Primary
ENG,A462,eng.a0462,Non-Primary
ENG,A463,eng.a0463,Both
ENG,A464,eng.a0464,Both
ENG,A465,eng.a0465,Both
WLS,A465,wls.a0465,Primary
WLS,A466,wls.a0466,Both
ENG,A466Red,eng.a0466red,Non-Primary
WLS,A466Mon,wls.a0466mon,Non-Primary
ENG,A466,eng.a0466,Non-Primary
WLS,A467,wls.a0467,Non-Primary
WLS,A468,wls.a0468,Non-Primary
WLS,A469,wls.a0469,Non-Primary
WLS,A469Pen,wls.a0469pen,Non-Primary
WLS,A470But,wls.a0470but,Non-Primary
WLS,A470,wls.a0470,Both
WLS,A472,wls.a0472,Non-Primary
WLS,A473,wls.a0473,Non-Primary
WLS,A474,wls.a0474,Non-Primary
WLS,A475,wls.a0475,Non-Primary
WLS,A476,wls.a0476,Non-Primary
WLS,A477,wls.a0477,Both
WLS,A478,wls.a0478,Both
WLS,A479,wls.a0479,Primary
ENG,A480,eng.a0480,Non-Primary
WLS,A481,wls.a0481,Non-Primary
WLS,A482,wls.a0482,Non-Primary
WLS,A483,wls.a0483,Both
ENG,A483,eng.a0483,Primary
WLS,A483Wre,wls.a0483wre,Primary
ENG,A483Che,eng.a0483che,Primary
WLS,A484,wls.a0484,Non-Primary
WLS,A485,wls.a0485,Non-Primary
WLS,A486,wls.a0486,Non-Primary
WLS,A487,wls.a0487,Both
WLS,A488,wls.a0488,Non-Primary
ENG,A488Bis,eng.a0488bis,Non-Primary
WLS,A488Bis,wls.a0488bis,Non-Primary
ENG,A488,eng.a0488,Non-Primary
WLS,A489,wls.a0489,Both
ENG,A489Pen,eng.a0489pen,Non-Primary
WLS,A489Chu,wls.a0489chu,Non-Primary
ENG,A489,eng.a0489,Non-Primary
WLS,A490Chu,wls.a0490chu,Non-Primary
ENG,A490,eng.a0490,Non-Primary
WLS,A490,wls.a0490,Both
ENG,A491,eng.a0491,Primary
ENG,A491Sto,eng.a0491sto,Primary
WLS,A493,wls.a0493,Non-Primary
WLS,A494,wls.a0494,Primary
ENG,A494,eng.a0494,Primary
WLS,A495,wls.a0495,Non-Primary
ENG,A495,eng.a0495,Both
WLS,A495Bro,wls.a0495bro,Primary
WLS,A496,wls.a0496,Non-Primary
WLS,A497,wls.a0497,Non-Primary
WLS,A498,wls.a0498,Non-Primary
WLS,A499,wls.a0499,Non-Primary
ENG,A500,eng.a0500,Primary
ENG,A501,eng.a0501,Both
ENG,A502,eng.a0502,Non-Primary
ENG,A503,eng.a0503,Both
ENG,A504,eng.a0504,Non-Primary
ENG,A505,eng.a0505,Both
ENG,A505Tho,eng.a0505tho,Primary
ENG,A506,eng.a0506,Non-Primary
ENG,A507,eng.a0507,Non-Primary
ENG,A508,eng.a0508,Primary
ENG,A509,eng.a0509,Both
ENG,A510,eng.a0510,Non-Primary
ENG,A511,eng.a0511,Primary
ENG,A512,eng.a0512,Non-Primary
ENG,A513,eng.a0513,Both
ENG,A513Sta,eng.a0513sta,Primary
ENG,A514,eng.a0514,Non-Primary
ENG,A515,eng.a0515,Primary
ENG,A516,eng.a0516,Both
ENG,A517,eng.a0517,Non-Primary
ENG,A518,eng.a0518,Both
ENG,A519,eng.a0519,Non-Primary
ENG,A520,eng.a0520,Primary
ENG,A521,eng.a0521,Non-Primary
ENG,A522,eng.a0522,Non-Primary
ENG,A523,eng.a0523,Primary
WLS,A525,wls.a0525,Non-Primary
WLS,A525Whi,wls.a0525whi,Both
ENG,A525,eng.a0525,Both
ENG,A526,eng.a0526,Non-Primary
ENG,A527,eng.a0527,Both
ENG,A528,eng.a0528,Non-Primary
WLS,A528,wls.a0528,Non-Primary
ENG,A529,eng.a0529,Non-Primary
ENG,A530,eng.a0530,Both
ENG,A531,eng.a0531,Non-Primary
ENG,A532,eng.a0532,Non-Primary
ENG,A533,eng.a0533,Both
WLS,A534,wls.a0534,Both
ENG,A534,eng.a0534,Both
ENG,A535,eng.a0535,Non-Primary
ENG,A536,eng.a0536,Primary
ENG,A537,eng.a0537,Primary
ENG,A538,eng.a0538,Both
WLS,A539,wls.a0539,Non-Primary
ENG,A540,eng.a0540,Non-Primary
WLS,A541,wls.a0541,Non-Primary
WLS,A542,wls.a0542,Non-Primary
WLS,A543,wls.a0543,Non-Primary
WLS,A544,wls.a0544,Non-Primary
WLS,A545,wls.a0545,Non-Primary
WLS,A546,wls.a0546,Non-Primary
WLS,A547,wls.a0547,Non-Primary
WLS,A548,wls.a0548,Non-Primary
ENG,A548,eng.a0548,Non-Primary
WLS,A549,wls.a0549,Non-Primary
WLS,A550,wls.a0550,Non-Primary
ENG,A550,eng.a0550,Primary
ENG,A551,eng.a0551,Non-Primary
ENG,A552,eng.a0552,Both
ENG,A553,eng.a0553,Non-Primary
ENG,A554,eng.a0554,Both
ENG,A555,eng.a0555,Primary
ENG,A556,eng.a0556,Primary
ENG,A557,eng.a0557,Both
ENG,A558,eng.a0558,Non-Primary
ENG,A559,eng.a0559,Non-Primary
ENG,A559Los,eng.a0559los,Non-Primary
ENG,A560,eng.a0560,Both
ENG,A561,eng.a0561,Both
ENG,A562,eng.a0562,Both
ENG,A563,eng.a0563,Primary
ENG,A565,eng.a0565,Both
ENG,A566,eng.a0566,Non-Primary
ENG,A567,eng.a0567,Non-Primary
ENG,A569,eng.a0569,Non-Primary
ENG,A570,eng.a0570,Primary
ENG,A571,eng.a0571,Non-Primary
ENG,A572,eng.a0572,Non-Primary
ENG,A573,eng.a0573,Non-Primary
ENG,A574,eng.a0574,Non-Primary
ENG,A574Bir,eng.a0574bir,Non-Primary
ENG,A575,eng.a0575,Both
ENG,A575Bol,eng.a0575bol,Non-Primary
ENG,A576,eng.a0576,Both
ENG,A577,eng.a0577,Both
ENG,A578,eng.a0578,Non-Primary
ENG,A579,eng.a0579,Both
ENG,A580,eng.a0580,Primary
ENG,A581,eng.a0581,Non-Primary
ENG,A582,eng.a0582,Primary
ENG,A582Cot,eng.a0582cot,Primary
ENG,A583,eng.a0583,Both
ENG,A584,eng.a0584,Non-Primary
ENG,A585,eng.a0585,Primary
ENG,A586,eng.a0586,Non-Primary
ENG,A587,eng.a0587,Non-Primary
ENG,A588,eng.a0588,Non-Primary
ENG,A589,eng.a0589,Both
ENG,A590,eng.a0590,Both
ENG,A591,eng.a0591,Both
ENG,A592,eng.a0592,Both
ENG,A593,eng.a0593,Both
ENG,A594,eng.a0594,Non-Primary
ENG,A594Lei,eng.a0594lei,Non-Primary
ENG,A595,eng.a0595,Both
ENG,A596,eng.a0596,Primary
ENG,A597,eng.a0597,Non-Primary
ENG,A598,eng.a0598,Non-Primary
ENG,A599,eng.a0599,Non-Primary
ENG,A600,eng.a0600,Non-Primary
ENG,A601,eng.a0601,Non-Primary
ENG,A602,eng.a0602,Both
ENG,A602Ste,eng.a0602ste,Primary
ENG,A603,eng.a0603,Non-Primary
ENG,A603Cam,eng.a0603cam,Non-Primary
ENG,A605,eng.a0605,Both
ENG,A606,eng.a0606,Both
ENG,A607,eng.a0607,Both
ENG,A608,eng.a0608,Non-Primary
ENG,A609,eng.a0609,Non-Primary
ENG,A610,eng.a0610,Both
ENG,A611,eng.a0611,Non-Primary
ENG,A612,eng.a0612,Non-Primary
ENG,A614,eng.a0614,Both
ENG,A615,eng.a0615,Non-Primary
ENG,A616,eng.a0616,Both
ENG,A617,eng.a0617,Primary
ENG,A618,eng.a0618,Non-Primary
ENG,A619,eng.a0619,Both
ENG,A620,eng.a0620,Non-Primary
ENG,A621,eng.a0621,Both
ENG,A623,eng.a0623,Primary
ENG,A624,eng.a0624,Non-Primary
ENG,A625,eng.a0625,Non-Primary
ENG,A626,eng.a0626,Non-Primary
ENG,A627,eng.a0627,Both
ENG,A628,eng.a0628,Primary
ENG,A629Rot,eng.a0629rot,Non-Primary
ENG,A629,eng.a0629,Primary
ENG,A630,eng.a0630,Both
ENG,A631,eng.a0631,Both
ENG,A632,eng.a0632,Non-Primary
ENG,A633,eng.a0633,Both
ENG,A634,eng.a0634,Non-Primary
ENG,A635,eng.a0635,Both
ENG,A636,eng.a0636,Non-Primary
ENG,A637,eng.a0637,Primary
ENG,A638,eng.a0638,Both
ENG,A638Dew,eng.a0638dew,Primary
ENG,A639,eng.a0639,Both
ENG,A640,eng.a0640,Both
ENG,A641,eng.a0641,Non-Primary
ENG,A642,eng.a0642,Both
ENG,A643,eng.a0643,Both
ENG,A644,eng.a0644,Both
ENG,A645,eng.a0645,Both
ENG,A646,eng.a0646,Both
ENG,A647,eng.a0647,Both
ENG,A649,eng.a0649,Non-Primary
ENG,A650,eng.a0650,Both
ENG,A651,eng.a0651,Non-Primary
ENG,A652,eng.a0652,Non-Primary
ENG,A653,eng.a0653,Both
ENG,A654,eng.a0654,Non-Primary
ENG,A655,eng.a0655,Non-Primary
ENG,A656,eng.a0656,Non-Primary
ENG,A657,eng.a0657,Non-Primary
ENG,A658,eng.a0658,Both
ENG,A659,eng.a0659,Non-Primary
ENG,A659Tad,eng.a0659tad,Non-Primary
ENG,A660,eng.a0660,Primary
ENG,A661,eng.a0661,Both
ENG,A662,eng.a0662,Non-Primary
ENG,A663,eng.a0663,Both
ENG,A664,eng.a0664,Both
ENG,A664Sud,eng.a0664sud,Both
ENG,A665,eng.a0665,Both
ENG,A666,eng.a0666,Both
ENG,A667,eng.a0667,Non-Primary
ENG,A669,eng.a0669,Non-Primary
ENG,A670,eng.a0670,Non-Primary
ENG,A671,eng.a0671,Both
ENG,A672,eng.a0672,Non-Primary
ENG,A673,eng.a0673,Non-Primary
ENG,A674,eng.a0674,Non-Primary
ENG,A675,eng.a0675,Non-Primary
ENG,A676,eng.a0676,Non-Primary
ENG,A677,eng.a0677,Both
ENG,A678,eng.a0678,Both
ENG,A679,eng.a0679,Both
ENG,A680,eng.a0680,Non-Primary
ENG,A681,eng.a0681,Non-Primary
ENG,A682,eng.a0682,Both
ENG,A683,eng.a0683,Both
ENG,A684,eng.a0684,Both
ENG,A685,eng.a0685,Both
ENG,A686,eng.a0686,Non-Primary
ENG,A687,eng.a0687,Primary
ENG,A688,eng.a0688,Both
ENG,A689,eng.a0689,Both
ENG,A690,eng.a0690,Both
ENG,A691,eng.a0691,Both
ENG,A692,eng.a0692,Primary
ENG,A693,eng.a0693,Primary
ENG,A694,eng.a0694,Non-Primary
ENG,A695,eng.a0695,Non-Primary
ENG,A696,eng.a0696,Primary
ENG,A697,eng.a0697,Primary
SCT,A697,sct.a0697,Non-Primary
SCT,A698,sct.a0698,Non-Primary
ENG,A698,eng.a0698,Both
SCT,A699,sct.a0699,Non-Primary
SCT,A700,sct.a0700,Non-Primary
SCT,A701,sct.a0701,Both
SCT,A702,sct.a0702,Both
SCT,A703,sct.a0703,Non-Primary
SCT,A704,sct.a0704,Non-Primary
SCT,A705,sct.a0705,Non-Primary
SCT,A706,sct.a0706,Non-Primary
SCT,A707,sct.a0707,Non-Primary
SCT,A708,sct.a0708,Non-Primary
SCT,A709,sct.a0709,Non-Primary
SCT,A710,sct.a0710,Non-Primary
SCT,A711,sct.a0711,Non-Primary
SCT,A712,sct.a0712,Non-Primary
SCT,A713,sct.a0713,Non-Primary
SCT,A714,sct.a0714,Non-Primary
SCT,A716,sct.a0716,Non-Primary
SCT,A717,sct.a0717,Non-Primary
SCT,A718,sct.a0718,Non-Primary
SCT,A719,sct.a0719,Non-Primary
SCT,A720,sct.a0720,Primary
SCT,A721,sct.a0721,Non-Primary
SCT,A722,sct.a0722,Non-Primary
SCT,A723,sct.a0723,Non-Primary
SCT,A724,sct.a0724,Non-Primary
SCT,A725,sct.a0725,Both
SCT,A726,sct.a0726,Both
SCT,A727,sct.a0727,Non-Primary
SCT,A728,sct.a0728,Non-Primary
SCT,A728EGl,sct.a0728egl,Non-Primary
SCT,A730,sct.a0730,Non-Primary
SCT,A735,sct.a0735,Non-Primary
SCT,A736,sct.a0736,Non-Primary
SCT,A737,sct.a0737,Both
SCT,A738,sct.a0738,Both
SCT,A739,sct.a0739,Non-Primary
SCT,A741,sct.a0741,Non-Primary
SCT,A743,sct.a0743,Non-Primary
SCT,A745,sct.a0745,Non-Primary
SCT,A746,sct.a0746,Non-Primary
SCT,A747,sct.a0747,Non-Primary
SCT,A749,sct.a0749,Non-Primary
SCT,A751,sct.a0751,Primary
SCT,A752,sct.a0752,Non-Primary
SCT,A755,sct.a0755,Non-Primary
SCT,A756,sct.a0756,Non-Primary
SCT,A759,sct.a0759,Non-Primary
SCT,A760,sct.a0760,Non-Primary
SCT,A761,sct.a0761,Non-Primary
SCT,A762,sct.a0762,Non-Primary
SCT,A763,sct.a0763,Non-Primary
SCT,A766,sct.a0766,Non-Primary
SCT,A768,sct.a0768,Non-Primary
SCT,A770,sct.a0770,Non-Primary
SCT,A771,sct.a0771,Non-Primary
SCT,A772,sct.a0772,Non-Primary
SCT,A775,sct.a0775,Non-Primary
SCT,A779,sct.a0779,Non-Primary
SCT,A780,sct.a0780,Non-Primary
SCT,A781,sct.a0781,Non-Primary
SCT,A800,sct.a0800,Non-Primary
SCT,A801,sct.a0801,Non-Primary
SCT,A803,sct.a0803,Non-Primary
SCT,A804,sct.a0804,Non-Primary
SCT,A806,sct.a0806,Non-Primary
SCT,A807,sct.a0807,Non-Primary
SCT,A808,sct.a0808,Non-Primary
SCT,A809,sct.a0809,Non-Primary
SCT,A810,sct.a0810,Non-Primary
SCT,A811,sct.a0811,Non-Primary
SCT,A812,sct.a0812,Non-Primary
SCT,A813,sct.a0813,Non-Primary
SCT,A814,sct.a0814,Non-Primary
SCT,A815,sct.a0815,Non-Primary
SCT,A816,sct.a0816,Non-Primary
SCT,A817,sct.a0817,Non-Primary
SCT,A818,sct.a0818,Non-Primary
SCT,A819,sct.a0819,Non-Primary
SCT,A820,sct.a0820,Non-Primary
SCT,A821,sct.a0821,Non-Primary
SCT,A822,sct.a0822,Non-Primary
SCT,A823,sct.a0823,Non-Primary
SCT,A824,sct.a0824,Non-Primary
SCT,A826,sct.a0826,Non-Primary
SCT,A827,sct.a0827,Non-Primary
SCT,A828,sct.a0828,Primary
SCT,A830,sct.a0830,Primary
SCT,A831,sct.a0831,Non-Primary
SCT,A832,sct.a0832,Non-Primary
SCT,A833,sct.a0833,Non-Primary
SCT,A834,sct.a0834,Non-Primary
SCT,A835,sct.a0835,Both
SCT,A836,sct.a0836,Non-Primary
SCT,A837,sct.a0837,Non-Primary
SCT,A838,sct.a0838,Non-Primary
SCT,A839,sct.a0839,Non-Primary
SCT,A841,sct.a0841,Non-Primary
SCT,A844,sct.a0844,Non-Primary
SCT,A846Bow,sct.a0846bow,Non-Primary
SCT,A846,sct.a0846,Non-Primary
SCT,A847,sct.a0847,Non-Primary
SCT,A848,sct.a0848,Non-Primary
SCT,A849,sct.a0849,Non-Primary
SCT,A850,sct.a0850,Non-Primary
SCT,A851,sct.a0851,Non-Primary
SCT,A855,sct.a0855,Non-Primary
SCT,A857,sct.a0857,Non-Primary
SCT,A858,sct.a0858,Non-Primary
SCT,A859,sct.a0859,Non-Primary
SCT,A861,sct.a0861,Non-Primary
SCT,A861Cor,sct.a0861cor,Non-Primary
SCT,A862,sct.a0862,Non-Primary
SCT,A863,sct.a0863,Non-Primary
SCT,A865,sct.a0865,Non-Primary
SCT,A866,sct.a0866,Non-Primary
SCT,A867,sct.a0867,Non-Primary
SCT,A868,sct.a0868,Non-Primary
SCT,A872,sct.a0872,Non-Primary
SCT,A873,sct.a0873,Non-Primary
SCT,A875,sct.a0875,Non-Primary
SCT,A876,sct.a0876,Primary
SCT,A877,sct.a0877,Non-Primary
SCT,A878,sct.a0878,Non-Primary
SCT,A879,sct.a0879,Non-Primary
SCT,A880,sct.a0880,Non-Primary
SCT,A882,sct.a0882,Non-Primary
SCT,A883,sct.a0883,Non-Primary
SCT,A884,sct.a0884,Non-Primary
SCT,A884Fis,sct.a0884fis,Non-Primary
SCT,A885,sct.a0885,Non-Primary
SCT,A886,sct.a0886,Non-Primary
SCT,A886Por,sct.a0886por,Non-Primary
SCT,A887,sct.a0887,Primary
SCT,A888,sct.a0888,Non-Primary
SCT,A889,sct.a0889,Primary
SCT,A890,sct.a0890,Non-Primary
SCT,A891,sct.a0891,Non-Primary
SCT,A893,sct.a0893,Primary
SCT,A894,sct.a0894,Non-Primary
SCT,A896,sct.a0896,Non-Primary
SCT,A897,sct.a0897,Non-Primary
SCT,A898,sct.a0898,Primary
SCT,A899,sct.a0899,Non-Primary
SCT,A900,sct.a0900,Non-Primary
SCT,A901,sct.a0901,Non-Primary
SCT,A902,sct.a0902,Non-Primary
SCT,A903,sct.a0903,Non-Primary
SCT,A904,sct.a0904,Non-Primary
SCT,A905,sct.a0905,Non-Primary
SCT,A907,sct.a0907,Non-Primary
SCT,A908,sct.a0908,Non-Primary
SCT,A909,sct.a0909,Non-Primary
SCT,A910,sct.a0910,Non-Primary
SCT,A911,sct.a0911,Non-Primary
SCT,A912,sct.a0912,Non-Primary
SCT,A913,sct.a0913,Non-Primary
SCT,A914,sct.a0914,Non-Primary
SCT,A915,sct.a0915,Non-Primary
SCT,A916,sct.a0916,Non-Primary
SCT,A917,sct.a0917,Non-Primary
SCT,A918,sct.a0918,Non-Primary
SCT,A919,sct.a0919,Non-Primary
SCT,A920Hun,sct.a0920hun,Non-Primary
SCT,A920,sct.a0920,Non-Primary
SCT,A921,sct.a0921,Non-Primary
SCT,A922,sct.a0922,Non-Primary
SCT,A923,sct.a0923,Non-Primary
SCT,A924,sct.a0924,Non-Primary
SCT,A925,sct.a0925,Non-Primary
SCT,A926,sct.a0926,Non-Primary
SCT,A928,sct.a0928,Non-Primary
SCT,A929,sct.a0929,Non-Primary
SCT,A930,sct.a0930,Non-Primary
SCT,A932,sct.a0932,Non-Primary
SCT,A933,sct.a0933,Non-Primary
SCT,A934,sct.a0934,Non-Primary
SCT,A935,sct.a0935,Non-Primary
SCT,A937,sct.a0937,Non-Primary
SCT,A938,sct.a0938,Non-Primary
SCT,A939,sct.a0939,Non-Primary
SCT,A940,sct.a0940,Non-Primary
SCT,A941,sct.a0941,Non-Primary
SCT,A942,sct.a0942,Non-Primary
SCT,A944,sct.a0944,Non-Primary
SCT,A947,sct.a0947,Non-Primary
SCT,A948,sct.a0948,Non-Primary
SCT,A949,sct.a0949,Non-Primary
SCT,A950,sct.a0950,Non-Primary
SCT,A952,sct.a0952,Non-Primary
SCT,A955,sct.a0955,Non-Primary
SCT,A956,sct.a0956,Both
SCT,A957,sct.a0957,Non-Primary
SCT,A960,sct.a0960,Non-Primary
SCT,A961,sct.a0961,Non-Primary
SCT,A962,sct.a0962,Non-Primary
SCT,A963,sct.a0963,Non-Primary
SCT,A964,sct.a0964,Non-Primary
SCT,A965,sct.a0965,Non-Primary
SCT,A966,sct.a0966,Non-Primary
SCT,A967,sct.a0967,Non-Primary
SCT,A968,sct.a0968,Non-Primary
SCT,A968Mid,sct.a0968mid,Non-Primary
SCT,A968Bal,sct.a0968bal,Non-Primary
SCT,A969,sct.a0969,Non-Primary
SCT,A970,sct.a0970,Non-Primary
SCT,A970Sca,sct.a0970sca,Non-Primary
SCT,A970Hil,sct.a0970hil,Non-Primary
SCT,A971,sct.a0971,Non-Primary
SCT,A971Wal,sct.a0971wal,Non-Primary
SCT,A972,sct.a0972,Primary
SCT,A975,sct.a0975,Non-Primary
SCT,A977,sct.a0977,Both
SCT,A980,sct.a0980,Non-Primary
SCT,A981,sct.a0981,Non-Primary
SCT,A982,sct.a0982,Non-Primary
SCT,A984,sct.a0984,Non-Primary
SCT,A985,sct.a0985,Primary
SCT,A986,sct.a0986,Non-Primary
SCT,A989,sct.a0989,Non-Primary
SCT,A990,sct.a0990,Non-Primary
SCT,A991,sct.a0991,Non-Primary
SCT,A993,sct.a0993,Non-Primary
SCT,A994,sct.a0994,Non-Primary
ENG,A1000,eng.a1000,Non-Primary
ENG,A1001,eng.a1001,Both
ENG,A1003,eng.a1003,Non-Primary
ENG,A1004,eng.a1004,Non-Primary
ENG,A1005,eng.a1005,Non-Primary
ENG,A1006,eng.a1006,Non-Primary
ENG,A1008,eng.a1008,Non-Primary
ENG,A1009,eng.a1009,Non-Primary
ENG,A1010,eng.a1010,Non-Primary
ENG,A1011,eng.a1011,Non-Primary
ENG,A1012,eng.a1012,Non-Primary
ENG,A1013,eng.a1013,Non-Primary
ENG,A1014,eng.a1014,Non-Primary
ENG,A1015,eng.a1015,Non-Primary
ENG,A1016,eng.a1016,Non-Primary
ENG,A1017,eng.a1017,Non-Primary
ENG,A1018,eng.a1018,Both
ENG,A1019,eng.a1019,Non-Primary
ENG,A1020,eng.a1020,Non-Primary
ENG,A1021,eng.a1021,Non-Primary
ENG,A1022,eng.a1022,Non-Primary
ENG,A1023,eng.a1023,Non-Primary
ENG,A1024,eng.a1024,Non-Primary
ENG,A1025,eng.a1025,Non-Primary
ENG,A1026,eng.a1026,Primary
ENG,A1027,eng.a1027,Non-Primary
ENG,A1028,eng.a1028,Primary
ENG,A1029,eng.a1029,Non-Primary
ENG,A1031,eng.a1031,Non-Primary
ENG,A1032,eng.a1032,Non-Primary
ENG,A1033,eng.a1033,Both
ENG,A1034,eng.a1034,Non-Primary
ENG,A1035,eng.a1035,Non-Primary
ENG,A1036,eng.a1036,Non-Primary
ENG,A1036Yor,eng.a1036yor,Non-Primary
ENG,A1037,eng.a1037,Non-Primary
ENG,A1038,eng.a1038,Non-Primary
ENG,A1039,eng.a1039,Non-Primary
ENG,A1041,eng.a1041,Non-Primary
ENG,A1042,eng.a1042,Primary
ENG,A1042Red,eng.a1042red,Non-Primary
ENG,A1043,eng.a1043,Primary
ENG,A1044,eng.a1044,Non-Primary
ENG,A1046,eng.a1046,Non-Primary
ENG,A1048,eng.a1048,Non-Primary
ENG,A1049,eng.a1049,Non-Primary
ENG,A1052,eng.a1052,Non-Primary
ENG,A1053,eng.a1053,Primary
ENG,A1054,eng.a1054,Non-Primary
ENG,A1055,eng.a1055,Non-Primary
ENG,A1056Nor,eng.a1056nor,Non-Primary
ENG,A1056,eng.a1056,Non-Primary
ENG,A1057,eng.a1057,Non-Primary
ENG,A1058,eng.a1058,Primary
ENG,A1060,eng.a1060,Non-Primary
ENG,A1061,eng.a1061,Non-Primary
ENG,A1062,eng.a1062,Non-Primary
ENG,A1064,eng.a1064,Non-Primary
ENG,A1065,eng.a1065,Primary
ENG,A1066,eng.a1066,Primary
ENG,A1067,eng.a1067,Non-Primary
ENG,A1068,eng.a1068,Both
ENG,A1069,eng.a1069,Non-Primary
ENG,A1070,eng.a1070,Non-Primary
ENG,A1071,eng.a1071,Non-Primary
ENG,A1072,eng.a1072,Non-Primary
ENG,A1074,eng.a1074,Both
ENG,A1075,eng.a1075,Non-Primary
ENG,A1076,eng.a1076,Non-Primary
ENG,A1077,eng.a1077,Both
ENG,A1078,eng.a1078,Non-Primary
ENG,A1079,eng.a1079,Both
ENG,A1080,eng.a1080,Non-Primary
ENG,A1081,eng.a1081,Both
ENG,A1082,eng.a1082,Non-Primary
ENG,A1083,eng.a1083,Non-Primary
ENG,A1084,eng.a1084,Non-Primary
ENG,A1085,eng.a1085,Non-Primary
ENG,A1086,eng.a1086,Non-Primary
SCT,A1087,sct.a1087,Non-Primary
ENG,A1088,eng.a1088,Non-Primary
ENG,A1089,eng.a1089,Primary
ENG,A1090,eng.a1090,Non-Primary
ENG,A1092,eng.a1092,Non-Primary
ENG,A1094,eng.a1094,Non-Primary
ENG,A1095,eng.a1095,Non-Primary
ENG,A1096,eng.a1096,Non-Primary
ENG,A1098,eng.a1098,Non-Primary
ENG,A1099,eng.a1099,Non-Primary
ENG,A1101,eng.a1101,Both
ENG,A1103,eng.a1103,Primary
ENG,A1104,eng.a1104,Non-Primary
ENG,A1105,eng.a1105,Non-Primary
SCT,A1107,sct.a1107,Non-Primary
ENG,A1108,eng.a1108,Non-Primary
ENG,A1110,eng.a1110,Non-Primary
ENG,A1111,eng.a1111,Non-Primary
ENG,A1112,eng.a1112,Non-Primary
ENG,A1114Che,eng.a1114che,Non-Primary
ENG,A1114,eng.a1114,Non-Primary
ENG,A1117,eng.a1117,Primary
ENG,A1120,eng.a1120,Non-Primary
ENG,A1121,eng.a1121,Primary
ENG,A1122,eng.a1122,Both
ENG,A1123,eng.a1123,Non-Primary
ENG,A1124,eng.a1124,Non-Primary
ENG,A1129,eng.a1129,Non-Primary
ENG,A1130,eng.a1130,Non-Primary
ENG,A1130Ack,eng.a1130ack,Non-Primary
ENG,A1133,eng.a1133,Non-Primary
ENG,A1134,eng.a1134,Non-Primary
ENG,A1136,eng.a1136,Non-Primary
ENG,A1137,eng.a1137,Non-Primary
ENG,A1138,eng.a1138,Non-Primary
ENG,A1139Ort,eng.a1139ort,Primary
ENG,A1139,eng.a1139,Both
SCT,A1140,sct.a1140,Non-Primary
ENG,A1141,eng.a1141,Non-Primary
ENG,A1144,eng.a1144,Non-Primary
ENG,A1145,eng.a1145,Non-Primary
ENG,A1146,eng.a1146,Non-Primary
ENG,A1147,eng.a1147,Non-Primary
ENG,A1148,eng.a1148,Non-Primary
ENG,A1149,eng.a1149,Non-Primary
ENG,A1150,eng.a1150,Non-Primary
ENG,A1151,eng.a1151,Non-Primary
ENG,A1152,eng.a1152,Non-Primary
ENG,A1153,eng.a1153,Non-Primary
ENG,A1154,eng.a1154,Non-Primary
ENG,A1155,eng.a1155,Non-Primary
ENG,A1156,eng.a1156,Non-Primary
ENG,A1158,eng.a1158,Non-Primary
ENG,A1159,eng.a1159,Non-Primary
ENG,A1160,eng.a1160,Non-Primary
ENG,A1165,eng.a1165,Non-Primary
ENG,A1166,eng.a1166,Non-Primary
ENG,A1167,eng.a1167,Non-Primary
ENG,A1168,eng.a1168,Non-Primary
ENG,A1169,eng.a1169,Non-Primary
ENG,A1170,eng.a1170,Non-Primary
ENG,A1171,eng.a1171,Non-Primary
ENG,A1172,eng.a1172,Non-Primary
ENG,A1173,eng.a1173,Both
ENG,A1174,eng.a1174,Non-Primary
ENG,A1175,eng.a1175,Non-Primary
ENG,A1176,eng.a1176,Non-Primary
ENG,A1179,eng.a1179,Non-Primary
ENG,A1184,eng.a1184,Non-Primary
ENG,A1185,eng.a1185,Non-Primary
ENG,A1189,eng.a1189,Non-Primary
ENG,A1192,eng.a1192,Non-Primary
ENG,A1194,eng.a1194,Primary
ENG,A1198,eng.a1198,Non-Primary
ENG,A1199Can,eng.a1199can,Non-Primary
ENG,A1199,eng.a1199,Non-Primary
ENG,A1200,eng.a1200,Non-Primary
ENG,A1201,eng.a1201,Non-Primary
ENG,A1202,eng.a1202,Both
ENG,A1203,eng.a1203,Primary
ENG,A1204,eng.a1204,Non-Primary
ENG,A1205,eng.a1205,Non-Primary
ENG,A1206,eng.a1206,Non-Primary
ENG,A1207,eng.a1207,Non-Primary
ENG,A1208,eng.a1208,Non-Primary
ENG,A1209,eng.a1209,Non-Primary
ENG,A1210,eng.a1210,Primary
ENG,A1211,eng.a1211,Non-Primary
ENG,A1213,eng.a1213,Non-Primary
ENG,A1214,eng.a1214,Non-Primary
ENG,A1231,eng.a1231,Primary
ENG,A1232,eng.a1232,Non-Primary
ENG,A1235,eng.a1235,Non-Primary
ENG,A1237,eng.a1237,Primary
ENG,A1238,eng.a1238,Non-Primary
ENG,A1240,eng.a1240,Non-Primary
ENG,A1242,eng.a1242,Non-Primary
ENG,A1243,eng.a1243,Non-Primary
ENG,A1243Gri,eng.a1243gri,Non-Primary
ENG,A1245,eng.a1245,Both
ENG,A1246,eng.a1246,Non-Primary
ENG,A1250,eng.a1250,Non-Primary
ENG,A1251,eng.a1251,Non-Primary
ENG,A1260,eng.a1260,Both
ENG,A1261,eng.a1261,Primary
ENG,A1270,eng.a1270,Both
ENG,A1290,eng.a1290,Non-Primary
ENG,A1300,eng.a1300,Both
ENG,A1301,eng.a1301,Non-Primary
ENG,A1302,eng.a1302,Non-Primary
ENG,A1303,eng.a1303,Both
ENG,A1304,eng.a1304,Non-Primary
ENG,A1305,eng.a1305,Non-Primary
ENG,A1306,eng.a1306,Non-Primary
ENG,A1307,eng.a1307,Non-Primary
ENG,A1308,eng.a1308,Non-Primary
ENG,A1309,eng.a1309,Non-Primary
ENG,A1311,eng.a1311,Non-Primary
ENG,A1321,eng.a1321,Non-Primary
ENG,A1331,eng.a1331,Non-Primary
ENG,A1341,eng.a1341,Non-Primary
ENG,A1400,eng.a1400,Primary
ENG,A1402,eng.a1402,Non-Primary
ENG,A1421,eng.a1421,Non-Primary
ENG,A1434,eng.a1434,Non-Primary
ENG,A1500,eng.a1500,Non-Primary
ENG,A2000,eng.a2000,Non-Primary
ENG,A2003,eng.a2003,Non-Primary
ENG,A2004,eng.a2004,Non-Primary
ENG,A2010,eng.a2010,Non-Primary
ENG,A2011,eng.a2011,Non-Primary
ENG,A2014,eng.a2014,Non-Primary
ENG,A2015,eng.a2015,Non-Primary
ENG,A2016,eng.a2016,Non-Primary
ENG,A2018,eng.a2018,Non-Primary
ENG,A2021,eng.a2021,Non-Primary
ENG,A2022,eng.a2022,Non-Primary
ENG,A2023,eng.a2023,Non-Primary
ENG,A2025,eng.a2025,Non-Primary
ENG,A2026,eng.a2026,Non-Primary
ENG,A2029,eng.a2029,Non-Primary
ENG,A2030,eng.a2030,Non-Primary
ENG,A2031,eng.a2031,Non-Primary
ENG,A2032,eng.a2032,Non-Primary
ENG,A2033,eng.a2033,Non-Primary
ENG,A2034,eng.a2034,Non-Primary
ENG,A2036,eng.a2036,Non-Primary
ENG,A2037,eng.a2037,Non-Primary
ENG,A2038,eng.a2038,Non-Primary
ENG,A2039,eng.a2039,Non-Primary
ENG,A2040,eng.a2040,Non-Primary
ENG,A2041,eng.a2041,Non-Primary
ENG,A2042,eng.a2042,Non-Primary
ENG,A2043,eng.a2043,Non-Primary
ENG,A2044,eng.a2044,Non-Primary
ENG,A2050,eng.a2050,Non-Primary
ENG,A2070,eng.a2070,Both
ENG,A2100,eng.a2100,Non-Primary
ENG,A2101,eng.a2101,Non-Primary
ENG,A2102,eng.a2102,Non-Primary
ENG,A2198,eng.a2198,Non-Primary
ENG,A2199,eng.a2199,Non-Primary
ENG,A2203,eng.a2203,Non-Primary
ENG,A2204,eng.a2204,Primary
ENG,A2205,eng.a2205,Non-Primary
ENG,A2206,eng.a2206,Non-Primary
ENG,A2208,eng.a2208,Non-Primary
ENG,A2209,eng.a2209,Non-Primary
ENG,A2210,eng.a2210,Non-Primary
ENG,A2211,eng.a2211,Non-Primary
ENG,A2212,eng.a2212,Non-Primary
ENG,A2213,eng.a2213,Both
ENG,A2214,eng.a2214,Non-Primary
ENG,A2215,eng.a2215,Non-Primary
ENG,A2216,eng.a2216,Non-Primary
ENG,A2217,eng.a2217,Non-Primary
ENG,A2218,eng.a2218,Non-Primary
ENG,A2219,eng.a2219,Non-Primary
ENG,A2220,eng.a2220,Non-Primary
ENG,A2260,eng.a2260,Non-Primary
ENG,A2270,eng.a2270,Non-Primary
ENG,A2280,eng.a2280,Non-Primary
ENG,A2290,eng.a2290,Non-Primary
ENG,A2300,eng.a2300,Non-Primary
ENG,A2500,eng.a2500,Non-Primary
ENG,A2690,eng.a2690,Non-Primary
ENG,A2691,eng.a2691,Non-Primary
ENG,A2700,eng.a2700,Non-Primary
ENG,A2990,eng.a2990,Non-Primary
ENG,A3000,eng.a3000,Non-Primary
ENG,A3002,eng.a3002,Non-Primary
ENG,A3003,eng.a3003,Non-Primary
ENG,A3004,eng.a3004,Non-Primary
ENG,A3005,eng.a3005,Non-Primary
ENG,A3006,eng.a3006,Non-Primary
ENG,A3007,eng.a3007,Non-Primary
ENG,A3008,eng.a3008,Non-Primary
ENG,A3009,eng.a3009,Non-Primary
ENG,A3010,eng.a3010,Non-Primary
ENG,A3011,eng.a3011,Non-Primary
ENG,A3013,eng.a3013,Non-Primary
ENG,A3015,eng.a3015,Non-Primary
ENG,A3016,eng.a3016,Non-Primary
ENG,A3020,eng.a3020,Non-Primary
ENG,A3021,eng.a3021,Non-Primary
ENG,A3022,eng.a3022,Non-Primary
ENG,A3023,eng.a3023,Non-Primary
ENG,A3024,eng.a3024,Non-Primary
ENG,A3025,eng.a3025,Non-Primary
ENG,A3026,eng.a3026,Non-Primary
ENG,A3027,eng.a3027,Non-Primary
ENG,A3028,eng.a3028,Non-Primary
ENG,A3029,eng.a3029,Primary
ENG,A3030,eng.a3030,Non-Primary
ENG,A3031,eng.a3031,Non-Primary
ENG,A3032,eng.a3032,Non-Primary
ENG,A3033,eng.a3033,Non-Primary
ENG,A3035,eng.a3035,Non-Primary
ENG,A3036,eng.a3036,Non-Primary
ENG,A3038,eng.a3038,Non-Primary
ENG,A3039,eng.a3039,Non-Primary
ENG,A3040,eng.a3040,Non-Primary
ENG,A3044,eng.a3044,Non-Primary
ENG,A3046,eng.a3046,Non-Primary
ENG,A3047,eng.a3047,Non-Primary
ENG,A3047Poo,eng.a3047poo,Non-Primary
ENG,A3049,eng.a3049,Both
ENG,A3050,eng.a3050,Non-Primary
ENG,A3051,eng.a3051,Non-Primary
ENG,A3052,eng.a3052,Non-Primary
ENG,A3054,eng.a3054,Non-Primary
ENG,A3055,eng.a3055,Non-Primary
ENG,A3055San,eng.a3055san,Non-Primary
ENG,A3056,eng.a3056,Non-Primary
ENG,A3057,eng.a3057,Non-Primary
ENG,A3058,eng.a3058,Non-Primary
ENG,A3059,eng.a3059,Non-Primary
ENG,A3060,eng.a3060,Non-Primary
ENG,A3062,eng.a3062,Non-Primary
ENG,A3063,eng.a3063,Non-Primary
ENG,A3064,eng.a3064,Non-Primary
ENG,A3065,eng.a3065,Non-Primary
ENG,A3066,eng.a3066,Non-Primary
ENG,A3071,eng.a3071,Non-Primary
ENG,A3072,eng.a3072,Non-Primary
ENG,A3073,eng.a3073,Non-Primary
ENG,A3074,eng.a3074,Non-Primary
ENG,A3075,eng.a3075,Non-Primary
ENG,A3076,eng.a3076,Non-Primary
ENG,A3078,eng.a3078,Non-Primary
ENG,A3079,eng.a3079,Non-Primary
ENG,A3082,eng.a3082,Non-Primary
ENG,A3083,eng.a3083,Non-Primary
ENG,A3087,eng.a3087,Non-Primary
ENG,A3088,eng.a3088,Primary
ENG,A3088Yeo,eng.a3088yeo,Non-Primary
ENG,A3090,eng.a3090,Non-Primary
ENG,A3093,eng.a3093,Non-Primary
ENG,A3094,eng.a3094,Non-Primary
ENG,A3095,eng.a3095,Non-Primary
ENG,A3098,eng.a3098,Non-Primary
ENG,A3100,eng.a3100,Non-Primary
ENG,A3100Bur,eng.a3100bur,Non-Primary
ENG,A3102,eng.a3102,Non-Primary
ENG,A3110,eng.a3110,Non-Primary
ENG,A3111,eng.a3111,Non-Primary
ENG,A3112,eng.a3112,Non-Primary
ENG,A3113,eng.a3113,Primary
ENG,A3121,eng.a3121,Non-Primary
ENG,A3122,eng.a3122,Non-Primary
ENG,A3123,eng.a3123,Non-Primary
ENG,A3124,eng.a3124,Non-Primary
ENG,A3125,eng.a3125,Non-Primary
ENG,A3126,eng.a3126,Non-Primary
ENG,A3200,eng.a3200,Non-Primary
ENG,A3201,eng.a3201,Non-Primary
ENG,A3202,eng.a3202,Non-Primary
ENG,A3203,eng.a3203,Non-Primary
ENG,A3204,eng.a3204,Primary
ENG,A3205,eng.a3205,Primary
ENG,A3207,eng.a3207,Non-Primary
ENG,A3209,eng.a3209,Non-Primary
ENG,A3210,eng.a3210,Non-Primary
ENG,A3211,eng.a3211,Non-Primary
ENG,A3212,eng.a3212,Both
ENG,A3213,eng.a3213,Non-Primary
ENG,A3214,eng.a3214,Non-Primary
ENG,A3216,eng.a3216,Non-Primary
ENG,A3217,eng.a3217,Non-Primary
ENG,A3218,eng.a3218,Non-Primary
ENG,A3219,eng.a3219,Non-Primary
ENG,A3220,eng.a3220,Primary
ENG,A3259,eng.a3259,Non-Primary
ENG,A3290,eng.a3290,Non-Primary
ENG,A3400,eng.a3400,Non-Primary
ENG,A3604,eng.a3604,Non-Primary
ENG,A3807,eng.a3807,Non-Primary
ENG,A3822,eng.a3822,Non-Primary
ENG,A3860,eng.a3860,Non-Primary
ENG,A4000,eng.a4000,Non-Primary
ENG,A4003,eng.a4003,Non-Primary
ENG,A4005,eng.a4005,Non-Primary
ENG,A4006,eng.a4006,Non-Primary
ENG,A4007,eng.a4007,Non-Primary
ENG,A4008,eng.a4008,Non-Primary
ENG,A4010,eng.a4010,Primary
ENG,A4012,eng.a4012,Non-Primary
ENG,A4013,eng.a4013,Non-Primary
ENG,A4015,eng.a4015,Non-Primary
ENG,A4017,eng.a4017,Non-Primary
ENG,A4018,eng.a4018,Non-Primary
ENG,A4019,eng.a4019,Both
ENG,A4020,eng.a4020,Non-Primary
ENG,A4023,eng.a4023,Non-Primary
ENG,A4025,eng.a4025,Non-Primary
ENG,A4026,eng.a4026,Non-Primary
ENG,A4029,eng.a4029,Non-Primary
ENG,A4030,eng.a4030,Non-Primary
ENG,A4031,eng.a4031,Both
ENG,A4032,eng.a4032,Primary
ENG,A4033,eng.a4033,Non-Primary
ENG,A4034,eng.a4034,Non-Primary
ENG,A4036,eng.a4036,Both
ENG,A4037,eng.a4037,Non-Primary
ENG,A4038,eng.a4038,Non-Primary
ENG,A4039,eng.a4039,Non-Primary
ENG,A4040,eng.a4040,Both
ENG,A4041,eng.a4041,Primary
WLS,A4042,wls.a4042,Both
WLS,A4042Cri,wls.a4042cri,Primary
WLS,A4043,wls.a4043,Non-Primary
ENG,A4044,eng.a4044,Primary
WLS,A4046,wls.a4046,Non-Primary
WLS,A4047,wls.a4047,Non-Primary
WLS,A4048,wls.a4048,Non-Primary
WLS,A4049,wls.a4049,Non-Primary
WLS,A4050,wls.a4050,Non-Primary
WLS,A4051,wls.a4051,Non-Primary
ENG,A4053,eng.a4053,Primary
WLS,A4054,wls.a4054,Non-Primary
WLS,A4055,wls.a4055,Non-Primary
WLS,A4058,wls.a4058,Non-Primary
WLS,A4059,wls.a4059,Non-Primary
WLS,A4060,wls.a4060,Primary
WLS,A4061,wls.a4061,Non-Primary
WLS,A4063,wls.a4063,Non-Primary
WLS,A4064,wls.a4064,Non-Primary
WLS,A4065,wls.a4065,Non-Primary
WLS,A4066,wls.a4066,Non-Primary
WLS,A4067,wls.a4067,Non-Primary
WLS,A4068,wls.a4068,Non-Primary
WLS,A4069,wls.a4069,Non-Primary
WLS,A4069Lla,wls.a4069lla,Non-Primary
ENG,A4071,eng.a4071,Primary
ENG,A4074,eng.a4074,Non-Primary
WLS,A4075,wls.a4075,Non-Primary
WLS,A4076,wls.a4076,Primary
WLS,A4077,wls.a4077,Non-Primary
WLS,A4078,wls.a4078,Non-Primary
WLS,A4079,wls.a4079,Non-Primary
WLS,A4080,wls.a4080,Non-Primary
WLS,A4080Lla,wls.a4080lla,Non-Primary
WLS,A4081,wls.a4081,Non-Primary
WLS,A4081SLl,wls.a4081sll,Non-Primary
WLS,A4081NLl,wls.a4081nll,Non-Primary
ENG,A4082,eng.a4082,Non-Primary
WLS,A4085,wls.a4085,Non-Primary
WLS,A4086,wls.a4086,Non-Primary
WLS,A4087,wls.a4087,Non-Primary
ENG,A4088,eng.a4088,Non-Primary
ENG,A4089,eng.a4089,Non-Primary
ENG,A4090,eng.a4090,Non-Primary
ENG,A4091,eng.a4091,Non-Primary
ENG,A4092,eng.a4092,Non-Primary
WLS,A4093,wls.a4093,Non-Primary
ENG,A4094,eng.a4094,Non-Primary
ENG,A4095,eng.a4095,Non-Primary
ENG,A4097,eng.a4097,Non-Primary
ENG,A4098,eng.a4098,Non-Primary
ENG,A4099,eng.a4099,Non-Primary
ENG,A4100,eng.a4100,Non-Primary
ENG,A4101,eng.a4101,Non-Primary
ENG,A4102,eng.a4102,Non-Primary
WLS,A4102,wls.a4102,Non-Primary
WLS,A4102SMe,wls.a4102sme,Non-Primary
ENG,A4103,eng.a4103,Both
ENG,A4104,eng.a4104,Non-Primary
WLS,A4106,wls.a4106,Non-Primary
WLS,A4107,wls.a4107,Non-Primary
WLS,A4109,wls.a4109,Non-Primary
ENG,A4110,eng.a4110,Non-Primary
ENG,A4111,eng.a4111,Both
ENG,A4112Ten,eng.a4112ten,Non-Primary
ENG,A4112,eng.a4112,Primary
ENG,A4113,eng.a4113,Non-Primary
WLS,A4113,wls.a4113,Non-Primary
ENG,A4114,eng.a4114,Primary
WLS,A4115,wls.a4115,Non-Primary
ENG,A4117,eng.a4117,Non-Primary
WLS,A4118,wls.a4118,Non-Primary
WLS,A4119,wls.a4119,Non-Primary
WLS,A4119Mis,wls.a4119mis,Non-Primary
WLS,A4120,wls.a4120,Non-Primary
ENG,A4123,eng.a4123,Both
ENG,A4124,eng.a4124,Non-Primary
ENG,A4125,eng.a4125,Non-Primary
ENG,A4126,eng.a4126,Non-Primary
ENG,A4127,eng.a4127,Non-Primary
ENG,A4128,eng.a4128,Non-Primary
ENG,A4129,eng.a4129,Non-Primary
ENG,A4130,eng.a4130,Non-Primary
ENG,A4131,eng.a4131,Non-Primary
ENG,A4133,eng.a4133,Non-Primary
ENG,A4135,eng.a4135,Non-Primary
ENG,A4136,eng.a4136,Non-Primary
WLS,A4136,wls.a4136,Non-Primary
ENG,A4137,eng.a4137,Primary
WLS,A4138,wls.a4138,Both
WLS,A4139,wls.a4139,Both
ENG,A4140,eng.a4140,Non-Primary
ENG,A4141,eng.a4141,Non-Primary
ENG,A4142,eng.a4142,Primary
WLS,A4143,wls.a4143,Non-Primary
ENG,A4144,eng.a4144,Non-Primary
ENG,A4145,eng.a4145,Non-Primary
ENG,A4146Hem,eng.a4146hem,Non-Primary
ENG,A4146,eng.a4146,Primary
ENG,A4147,eng.a4147,Non-Primary
ENG,A4148,eng.a4148,Primary
ENG,A4150,eng.a4150,Primary
ENG,A4151,eng.a4151,Non-Primary
ENG,A4154,eng.a4154,Non-Primary
ENG,A4155,eng.a4155,Non-Primary
ENG,A4156,eng.a4156,Non-Primary
ENG,A4157,eng.a4157,Non-Primary
ENG,A4158,eng.a4158,Non-Primary
WLS,A4159,wls.a4159,Non-Primary
WLS,A4160,wls.a4160,Non-Primary
WLS,A4161,wls.a4161,Non-Primary
ENG,A4162,eng.a4162,Non-Primary
ENG,A4165,eng.a4165,Non-Primary
ENG,A4168,eng.a4168,Non-Primary
ENG,A4169,eng.a4169,Non-Primary
ENG,A4171,eng.a4171,Non-Primary
ENG,A4172,eng.a4172,Non-Primary
ENG,A4173,eng.a4173,Non-Primary
ENG,A4174,eng.a4174,Primary
ENG,A4175,eng.a4175,Non-Primary
ENG,A4176,eng.a4176,Non-Primary
ENG,A4177,eng.a4177,Primary
ENG,A4178,eng.a4178,Non-Primary
ENG,A4180,eng.a4180,Both
ENG,A4182,eng.a4182,Non-Primary
ENG,A4183,eng.a4183,Non-Primary
ENG,A4184,eng.a4184,Non-Primary
ENG,A4185,eng.a4185,Non-Primary
ENG,A4189,eng.a4189,Non-Primary
ENG,A4193,eng.a4193,Non-Primary
ENG,A4196,eng.a4196,Non-Primary
ENG,A4198,eng.a4198,Non-Primary
ENG,A4200,eng.a4200,Non-Primary
ENG,A4201,eng.a4201,Non-Primary
ENG,A4202,eng.a4202,Primary
ENG,A4204,eng.a4204,Non-Primary
ENG,A4205,eng.a4205,Non-Primary
ENG,A4206,eng.a4206,Non-Primary
ENG,A4207,eng.a4207,Non-Primary
ENG,A4208,eng.a4208,Non-Primary
ENG,A4209,eng.a4209,Non-Primary
WLS,A4212,wls.a4212,Non-Primary
WLS,A4214,wls.a4214,Non-Primary
WLS,A4215,wls.a4215,Non-Primary
WLS,A4216,wls.a4216,Non-Primary
WLS,A4217,wls.a4217,Non-Primary
WLS,A4218,wls.a4218,Non-Primary
WLS,A4219,wls.a4219,Non-Primary
WLS,A4221,wls.a4221,Non-Primary
WLS,A4222,wls.a4222,Non-Primary
WLS,A4222Cow,wls.a4222cow,Non-Primary
WLS,A4223,wls.a4223,Non-Primary
WLS,A4226,wls.a4226,Non-Primary
WLS,A4226Car,wls.a4226car,Non-Primary
WLS,A4229,wls.a4229,Non-Primary
WLS,A4230,wls.a4230,Non-Primary
WLS,A4231,wls.a4231,Non-Primary
WLS,A4232,wls.a4232,Both
WLS,A4232ECa,wls.a4232eca,Non-Primary
WLS,A4233,wls.a4233,Non-Primary
WLS,A4234,wls.a4234,Non-Primary
WLS,A4240,wls.a4240,Non-Primary
WLS,A4241,wls.a4241,Non-Primary
WLS,A4241Por,wls.a4241por,Non-Primary
WLS,A4242,wls.a4242,Non-Primary
WLS,A4243,wls.a4243,Non-Primary
WLS,A4244,wls.a4244,Non-Primary
ENG,A4251,eng.a4251,Non-Primary
ENG,A4252,eng.a4252,Non-Primary
ENG,A4254,eng.a4254,Non-Primary
ENG,A4256,eng.a4256,Non-Primary
ENG,A4259,eng.a4259,Non-Primary
ENG,A4260,eng.a4260,Non-Primary
ENG,A4280,eng.a4280,Non-Primary
WLS,A4281,wls.a4281,Non-Primary
WLS,A4281Ras,wls.a4281ras,Non-Primary
ENG,A4289,eng.a4289,Non-Primary
ENG,A4289NSw,eng.a4289nsw,Non-Primary
ENG,A4300,eng.a4300,Non-Primary
ENG,A4301,eng.a4301,Non-Primary
ENG,A4302,eng.a4302,Non-Primary
ENG,A4303,eng.a4303,Primary
ENG,A4304,eng.a4304,Non-Primary
ENG,A4311,eng.a4311,Non-Primary
ENG,A4312,eng.a4312,Non-Primary
ENG,A4313,eng.a4313,Non-Primary
ENG,A4320,eng.a4320,Non-Primary
ENG,A4361,eng.a4361,Non-Primary
ENG,A4380,eng.a4380,Both
ENG,A4390,eng.a4390,Non-Primary
ENG,A4420,eng.a4420,Non-Primary
ENG,A4421,eng.a4421,Non-Primary
ENG,A4440,eng.a4440,Both
ENG,A4444,eng.a4444,Primary
ENG,A4500,eng.a4500,Both
ENG,A4501,eng.a4501,Non-Primary
ENG,A4510,eng.a4510,Both
ENG,A4535,eng.a4535,Non-Primary
ENG,A4536,eng.a4536,Non-Primary
ENG,A4538,eng.a4538,Both
ENG,A4540,eng.a4540,Primary
ENG,A4545,eng.a4545,Primary
ENG,A4600,eng.a4600,Primary
ENG,A4601,eng.a4601,Non-Primary
ENG,A4640,eng.a4640,Non-Primary
WLS,A4810,wls.a4810,Non-Primary
WLS,A4811,wls.a4811,Non-Primary
WLS,A4871,wls.a4871,Non-Primary
WLS,A4971,wls.a4971,Non-Primary
ENG,A5001,eng.a5001,Non-Primary
ENG,A5004,eng.a5004,Non-Primary
ENG,A5005,eng.a5005,Non-Primary
ENG,A5006,eng.a5006,Non-Primary
ENG,A5007,eng.a5007,Non-Primary
ENG,A5008,eng.a5008,Non-Primary
ENG,A5009,eng.a5009,Non-Primary
ENG,A5010,eng.a5010,Non-Primary
ENG,A5011,eng.a5011,Non-Primary
ENG,A5012,eng.a5012,Non-Primary
ENG,A5013,eng.a5013,Non-Primary
ENG,A5014,eng.a5014,Non-Primary
ENG,A5018,eng.a5018,Non-Primary
ENG,A5019,eng.a5019,Non-Primary
ENG,A5020,eng.a5020,Primary
ENG,A5022,eng.a5022,Non-Primary
WLS,A5025,wls.a5025,Non-Primary
WLS,A5026,wls.a5026,Non-Primary
WLS,A5026Whe,wls.a5026whe,Non-Primary
ENG,A5027,eng.a5027,Non-Primary
ENG,A5028,eng.a5028,Non-Primary
ENG,A5028Sea,eng.a5028sea,Non-Primary
ENG,A5029,eng.a5029,Non-Primary
ENG,A5030,eng.a5030,Non-Primary
ENG,A5032,eng.a5032,Non-Primary
ENG,A5033,eng.a5033,Primary
ENG,A5034,eng.a5034,Non-Primary
ENG,A5035,eng.a5035,Non-Primary
ENG,A5036Liv,eng.a5036liv,Both
ENG,A5036,eng.a5036,Primary
ENG,A5037,eng.a5037,Non-Primary
ENG,A5038,eng.a5038,Non-Primary
ENG,A5039,eng.a5039,Non-Primary
ENG,A5040,eng.a5040,Non-Primary
ENG,A5045,eng.a5045,Non-Primary
ENG,A5046,eng.a5046,Non-Primary
ENG,A5047,eng.a5047,Both
ENG,A5048,eng.a5048,Non-Primary
ENG,A5049,eng.a5049,Primary
ENG,A5050,eng.a5050,Both
ENG,A5051,eng.a5051,Non-Primary
ENG,A5052,eng.a5052,Primary
ENG,A5053,eng.a5053,Primary
ENG,A5054,eng.a5054,Non-Primary
ENG,A5055,eng.a5055,Non-Primary
ENG,A5056,eng.a5056,Non-Primary
ENG,A5057,eng.a5057,Non-Primary
ENG,A5058,eng.a5058,Both
ENG,A5060,eng.a5060,Primary
ENG,A5061,eng.a5061,Both
ENG,A5062,eng.a5062,Non-Primary
ENG,A5063,eng.a5063,Both
ENG,A5064,eng.a5064,Non-Primary
ENG,A5065,eng.a5065,Non-Primary
ENG,A5066,eng.a5066,Non-Primary
ENG,A5067,eng.a5067,Non-Primary
ENG,A5068,eng.a5068,Non-Primary
ENG,A5071,eng.a5071,Non-Primary
ENG,A5072,eng.a5072,Both
ENG,A5073,eng.a5073,Non-Primary
ENG,A5074,eng.a5074,Non-Primary
ENG,A5075,eng.a5075,Non-Primary
ENG,A5076,eng.a5076,Both
ENG,A5078,eng.a5078,Non-Primary
ENG,A5079,eng.a5079,Non-Primary
ENG,A5080Nor,eng.a5080nor,Non-Primary
ENG,A5080,eng.a5080,Both
ENG,A5081,eng.a5081,Primary
ENG,A5082,eng.a5082,Non-Primary
ENG,A5083,eng.a5083,Non-Primary
ENG,A5084,eng.a5084,Non-Primary
ENG,A5085,eng.a5085,Primary
ENG,A5086,eng.a5086,Non-Primary
ENG,A5087,eng.a5087,Non-Primary
ENG,A5088,eng.a5088,Non-Primary
ENG,A5089,eng.a5089,Primary
ENG,A5090,eng.a5090,Non-Primary
ENG,A5091,eng.a5091,Non-Primary
ENG,A5092,eng.a5092,Primary
ENG,A5093,eng.a5093,Non-Primary
ENG,A5094,eng.a5094,Non-Primary
ENG,A5095,eng.a5095,Non-Primary
ENG,A5098,eng.a5098,Non-Primary
ENG,A5099,eng.a5099,Non-Primary
ENG,A5100,eng.a5100,Non-Primary
ENG,A5101,eng.a5101,Non-Primary
ENG,A5102,eng.a5102,Non-Primary
ENG,A5103,eng.a5103,Both
WLS,A5104,wls.a5104,Non-Primary
ENG,A5104,eng.a5104,Non-Primary
ENG,A5105,eng.a5105,Non-Primary
ENG,A5106,eng.a5106,Non-Primary
WLS,A5108,wls.a5108,Non-Primary
ENG,A5109,eng.a5109,Non-Primary
ENG,A5111,eng.a5111,Both
ENG,A5112,eng.a5112,Non-Primary
WLS,A5114,wls.a5114,Non-Primary
ENG,A5115,eng.a5115,Primary
ENG,A5116,eng.a5116,Primary
ENG,A5117,eng.a5117,Both
WLS,A5118,wls.a5118,Non-Primary
WLS,A5119,wls.a5119,Non-Primary
ENG,A5120,eng.a5120,Non-Primary
ENG,A5121,eng.a5121,Primary
ENG,A5123,eng.a5123,Both
ENG,A5124,eng.a5124,Non-Primary
ENG,A5125,eng.a5125,Non-Primary
ENG,A5126,eng.a5126,Primary
ENG,A5127,eng.a5127,Non-Primary
ENG,A5127Lic,eng.a5127lic,Primary
ENG,A5128,eng.a5128,Non-Primary
ENG,A5132,eng.a5132,Non-Primary
ENG,A5134,eng.a5134,Non-Primary
ENG,A5135,eng.a5135,Non-Primary
ENG,A5137,eng.a5137,Non-Primary
ENG,A5139,eng.a5139,Primary
ENG,A5140,eng.a5140,Non-Primary
ENG,A5141,eng.a5141,Non-Primary
ENG,A5143,eng.a5143,Non-Primary
ENG,A5144,eng.a5144,Non-Primary
ENG,A5145,eng.a5145,Both
ENG,A5147,eng.a5147,Non-Primary
ENG,A5148,eng.a5148,Primary
ENG,A5149,eng.a5149,Non-Primary
ENG,A5150,eng.a5150,Non-Primary
WLS,A5151,wls.a5151,Non-Primary
WLS,A5152,wls.a5152,Non-Primary
WLS,A5152Gae,wls.a5152gae,Non-Primary
WLS,A5153,wls.a5153,Non-Primary
WLS,A5154,wls.a5154,Non-Primary
WLS,A5156,wls.a5156,Primary
ENG,A5181,eng.a5181,Non-Primary
ENG,A5182,eng.a5182,Primary
ENG,A5183,eng.a5183,Non-Primary
ENG,A5184,eng.a5184,Non-Primary
ENG,A5185,eng.a5185,Non-Primary
ENG,A5186,eng.a5186,Non-Primary
ENG,A5187,eng.a5187,Primary
ENG,A5189,eng.a5189,Primary
ENG,A5190,eng.a5190,Non-Primary
ENG,A5191,eng.a5191,Non-Primary
ENG,A5192,eng.a5192,Primary
ENG,A5193,eng.a5193,Non-Primary
ENG,A5194,eng.a5194,Non-Primary
ENG,A5195,eng.a5195,Non-Primary
ENG,A5196,eng.a5196,Primary
ENG,A5199,eng.a5199,Non-Primary
ENG,A5200,eng.a5200,Non-Primary
ENG,A5201,eng.a5201,Both
ENG,A5202,eng.a5202,Non-Primary
ENG,A5203,eng.a5203,Non-Primary
ENG,A5204,eng.a5204,Non-Primary
ENG,A5205,eng.a5205,Both
ENG,A5206,eng.a5206,Non-Primary
ENG,A5207,eng.a5207,Both
ENG,A5208,eng.a5208,Non-Primary
ENG,A5209,eng.a5209,Both
ENG,A5223,eng.a5223,Non-Primary
ENG,A5227,eng.a5227,Primary
ENG,A5228,eng.a5228,Non-Primary
ENG,A5230,eng.a5230,Non-Primary
ENG,A5250,eng.a5250,Non-Primary
ENG,A5267,eng.a5267,Non-Primary
ENG,A5268,eng.a5268,Primary
ENG,A5270,eng.a5270,Non-Primary
ENG,A5271,eng.a5271,Non-Primary
ENG,A5271Kes,eng.a5271kes,Non-Primary
ENG,A5272,eng.a5272,Non-Primary
ENG,A5275,eng.a5275,Primary
ENG,A5280,eng.a5280,Non-Primary
ENG,A5281,eng.a5281,Non-Primary
ENG,A5282,eng.a5282,Non-Primary
ENG,A5284,eng.a5284,Primary
ENG,A5288,eng.a5288,Non-Primary
ENG,A5300,eng.a5300,Primary
ENG,A5365,eng.a5365,Primary
ENG,A5460,eng.a5460,Both
ENG,A5480,eng.a5480,Non-Primary
ENG,A5505,eng.a5505,Non-Primary
ENG,A5509,eng.a5509,Primary
ENG,A5630,eng.a5630,Non-Primary
ENG,A5739,eng.a5739,Non-Primary
ENG,A5758,eng.a5758,Primary
ENG,A6001,eng.a6001,Non-Primary
ENG,A6002,eng.a6002,Non-Primary
ENG,A6003,eng.a6003,Both
ENG,A6004,eng.a6004,Non-Primary
ENG,A6005,eng.a6005,Non-Primary
ENG,A6006,eng.a6006,Non-Primary
ENG,A6007,eng.a6007,Non-Primary
ENG,A6008,eng.a6008,Non-Primary
ENG,A6009,eng.a6009,Primary
ENG,A6010,eng.a6010,Primary
ENG,A6011,eng.a6011,Primary
ENG,A6013Ket,eng.a6013ket,Non-Primary
ENG,A6013,eng.a6013,Non-Primary
ENG,A6014,eng.a6014,Non-Primary
ENG,A6015,eng.a6015,Non-Primary
ENG,A6016,eng.a6016,Non-Primary
ENG,A6017,eng.a6017,Both
ENG,A6018,eng.a6018,Primary
ENG,A6020,eng.a6020,Primary
ENG,A6021,eng.a6021,Non-Primary
ENG,A6021Rot,eng.a6021rot,Non-Primary
ENG,A6022,eng.a6022,Non-Primary
ENG,A6023,eng.a6023,Non-Primary
ENG,A6024,eng.a6024,Non-Primary
ENG,A6025,eng.a6025,Non-Primary
ENG,A6026,eng.a6026,Non-Primary
ENG,A6027,eng.a6027,Both
ENG,A6029,eng.a6029,Non-Primary
ENG,A6030,eng.a6030,Primary
ENG,A6032,eng.a6032,Non-Primary
ENG,A6033,eng.a6033,Both
ENG,A6034,eng.a6034,Non-Primary
ENG,A6035,eng.a6035,Non-Primary
ENG,A6036,eng.a6036,Primary
ENG,A6037,eng.a6037,Non-Primary
ENG,A6038,eng.a6038,Non-Primary
ENG,A6040,eng.a6040,Non-Primary
ENG,A6041,eng.a6041,Non-Primary
ENG,A6042,eng.a6042,Primary
ENG,A6043,eng.a6043,Non-Primary
ENG,A6044,eng.a6044,Non-Primary
ENG,A6045,eng.a6045,Non-Primary
ENG,A6046,eng.a6046,Non-Primary
ENG,A6048,eng.a6048,Non-Primary
ENG,A6050,eng.a6050,Non-Primary
ENG,A6051,eng.a6051,Non-Primary
ENG,A6052,eng.a6052,Non-Primary
ENG,A6053,eng.a6053,Non-Primary
ENG,A6055Kna,eng.a6055kna,Non-Primary
ENG,A6055,eng.a6055,Non-Primary
ENG,A6060,eng.a6060,Non-Primary
ENG,A6061,eng.a6061,Non-Primary
ENG,A6062,eng.a6062,Non-Primary
ENG,A6063,eng.a6063,Non-Primary
ENG,A6066,eng.a6066,Non-Primary
ENG,A6068,eng.a6068,Both
ENG,A6069,eng.a6069,Non-Primary
ENG,A6070,eng.a6070,Non-Primary
ENG,A6071,eng.a6071,Non-Primary
ENG,A6072,eng.a6072,Non-Primary
ENG,A6075,eng.a6075,Non-Primary
ENG,A6076,eng.a6076,Non-Primary
ENG,A6077,eng.a6077,Primary
ENG,A6078,eng.a6078,Primary
ENG,A6079,eng.a6079,Non-Primary
ENG,A6085,eng.a6085,Non-Primary
ENG,A6086,eng.a6086,Non-Primary
SCT,A6088,sct.a6088,Non-Primary
SCT,A6089,sct.a6089,Non-Primary
SCT,A6091,sct.a6091,Primary
SCT,A6093,sct.a6093,Non-Primary
SCT,A6094,sct.a6094,Non-Primary
SCT,A6095,sct.a6095,Non-Primary
ENG,A6096,eng.a6096,Non-Primary
ENG,A6097,eng.a6097,Primary
ENG,A6098,eng.a6098,Non-Primary
ENG,A6099,eng.a6099,Non-Primary
ENG,A6101,eng.a6101,Non-Primary
ENG,A6102,eng.a6102,Both
ENG,A6104,eng.a6104,Non-Primary
SCT,A6105,sct.a6105,Non-Primary
ENG,A6105,eng.a6105,Non-Primary
SCT,A6106,sct.a6106,Non-Primary
ENG,A6107,eng.a6107,Non-Primary
ENG,A6108,eng.a6108,Non-Primary
ENG,A6109,eng.a6109,Non-Primary
ENG,A6110,eng.a6110,Primary
SCT,A6112,sct.a6112,Non-Primary
ENG,A6114,eng.a6114,Primary
ENG,A6116,eng.a6116,Both
ENG,A6117,eng.a6117,Non-Primary
ENG,A6119,eng.a6119,Both
ENG,A6120,eng.a6120,Primary
ENG,A6121,eng.a6121,Non-Primary
ENG,A6123,eng.a6123,Non-Primary
SCT,A6124,sct.a6124,Non-Primary
ENG,A6129,eng.a6129,Non-Primary
ENG,A6130,eng.a6130,Non-Primary
ENG,A6131,eng.a6131,Non-Primary
ENG,A6133,eng.a6133,Primary
ENG,A6135,eng.a6135,Non-Primary
ENG,A6136,eng.a6136,Non-Primary
SCT,A6137,sct.a6137,Non-Primary
ENG,A6139,eng.a6139,Non-Primary
ENG,A6140,eng.a6140,Non-Primary
ENG,A6142,eng.a6142,Non-Primary
ENG,A6143,eng.a6143,Non-Primary
ENG,A6144,eng.a6144,Non-Primary
ENG,A6144Urm,eng.a6144urm,Non-Primary
ENG,A6145,eng.a6145,Non-Primary
ENG,A6172,eng.a6172,Non-Primary
ENG,A6175,eng.a6175,Non-Primary
ENG,A6176,eng.a6176,Non-Primary
ENG,A6177,eng.a6177,Both
ENG,A6178,eng.a6178,Non-Primary
ENG,A6181,eng.a6181,Non-Primary
ENG,A6182,eng.a6182,Both
ENG,A6183,eng.a6183,Non-Primary
ENG,A6184,eng.a6184,Non-Primary
ENG,A6185,eng.a6185,Non-Primary
ENG,A6186,eng.a6186,Non-Primary
ENG,A6187,eng.a6187,Non-Primary
ENG,A6188,eng.a6188,Non-Primary
ENG,A6191,eng.a6191,Non-Primary
ENG,A6192,eng.a6192,Non-Primary
ENG,A6193,eng.a6193,Primary
ENG,A6194,eng.a6194,Non-Primary
ENG,A6195,eng.a6195,Both
ENG,A6196,eng.a6196,Non-Primary
ENG,A6200,eng.a6200,Non-Primary
ENG,A6201,eng.a6201,Non-Primary
ENG,A6211,eng.a6211,Non-Primary
ENG,A6464,eng.a6464,Non-Primary
ENG,A6514,eng.a6514,Primary
ENG,A6520,eng.a6520,Non-Primary
ENG,A6539,eng.a6539,Non-Primary
ENG,A6900,eng.a6900,Non-Primary
SCT,A7066,sct.a7066,Non-Primary
SCT,A7071,sct.a7071,Non-Primary
SCT,A8003,sct.a8003,Non-Primary
SCT,A8004,sct.a8004,Non-Primary
SCT,A8010,sct.a8010,Non-Primary
SCT,A8011,sct.a8011,Non-Primary
SCT,A8014,sct.a8014,Non-Primary
SCT,A8015,sct.a8015,Non-Primary
SCT,A8016,sct.a8016,Non-Primary
SCT,A8082,sct.a8082,Non-Primary
SCT,A9000,sct.a9000,Non-Primary
SCT,A9119,sct.a9119,Non-Primary
SCT,A9294,sct.a9294,Non-Primary
ENG,AirWay,eng.airway,Primary
ENG,CirByp,eng.cirbyp,Primary
ENG,KinTun,eng.kintun,Primary
ENG,QueTun,eng.quetun,Primary
ENG,StPetWay,eng.stpetway,Non-Primary
